game_id,date,home,away,play_id,half,time_remaining_half,secs_remaining,secs_remaining_absolute,description,home_score,away_score,score_diff,play_length,win_prob,naive_win_prob,home_time_out_remaining,away_time_out_remaining,home_favored_by,shot_x,shot_y,shot_team,shot_outcome,shooter,assist,three_pt,free_throw,possession_before,possession_after,win_prob_naive
401173760,1/29/2020,Boise State,San Jose St,1,1,20:00,2400,2400,PLAY,0,0,0,0,0.93383276,0.5,4,4,16.5,NA,NA,NA,NA,NA,NA,NA,NA,NA,San Jose St,NA
401173760,1/29/2020,Boise State,San Jose St,2,1,19:47,2387,2387,San Jose State  Turnover.,0,0,0,13,0.933619877,0.5,4,4,16.5,NA,NA,NA,NA,NA,NA,NA,NA,San Jose St,Boise State,NA
401173760,1/29/2020,Boise State,San Jose St,3,1,19:47,2387,2387,Boise State  Turnover.,0,0,0,0,0.933619877,0.5,4,4,16.5,NA,NA,NA,NA,NA,NA,NA,NA,Boise State,San Jose St,NA
401173760,1/29/2020,Boise State,San Jose St,4,1,19:27,2367,2367,Omari Moore made Layup.,0,2,-2,20,0.921209486,0.455275104,4,4,16.5,NA,NA,San Jose St,made,Omari Moore,NA,FALSE,FALSE,San Jose St,Boise State,NA
401173760,1/29/2020,Boise State,San Jose St,5,1,19:16,2356,2356,Foul on Omari Moore.,0,2,-2,11,0.92092033,0.455038806,4,4,16.5,NA,NA,NA,NA,NA,NA,NA,NA,Boise State,Boise State,NA
401173760,1/29/2020,Boise State,San Jose St,6,1,19:16,2356,2356,RJ Williams missed Free Throw.,0,2,-2,0,0.92092033,0.455038806,4,4,16.5,NA,NA,Boise State,missed,RJ Williams,NA,FALSE,TRUE,Boise State,Boise State,NA
401173760,1/29/2020,Boise State,San Jose St,7,1,19:16,2356,2356,Boise State Offensive Rebound.,0,2,-2,0,0.92092033,0.455038806,4,4,16.5,NA,NA,NA,NA,NA,NA,NA,NA,Boise State,Boise State,NA
401173760,1/29/2020,Boise State,San Jose St,8,1,19:16,2356,2356,RJ Williams made Free Throw.,1,2,-1,0,0.927242534,0.477473773,4,4,16.5,NA,NA,Boise State,made,RJ Williams,NA,FALSE,TRUE,Boise State,San Jose St,NA
401173760,1/29/2020,Boise State,San Jose St,9,1,18:53,2333,2333,Ralph Agee made Jumper.,1,4,-3,23,0.913352853,0.432043778,4,4,16.5,NA,NA,San Jose St,made,Ralph Agee,NA,FALSE,FALSE,San Jose St,Boise State,NA
401173760,1/29/2020,Boise State,San Jose St,10,1,18:41,2321,2321,Foul on Seneca Knight.,1,4,-3,12,0.912953961,0.431653389,4,4,16.5,NA,NA,NA,NA,NA,NA,NA,NA,Boise State,Boise State,NA
401173760,1/29/2020,Boise State,San Jose St,11,1,18:41,2321,2321,Abu Kigab made Free Throw.,2,4,-2,0,0.919970857,0.454276674,4,4,16.5,NA,NA,Boise State,made,Abu Kigab,NA,FALSE,TRUE,Boise State,Boise State,NA
401173760,1/29/2020,Boise State,San Jose St,12,1,18:41,2321,2321,Abu Kigab made Free Throw.,3,4,-1,0,0.92646767,0.477090341,4,4,16.5,NA,NA,Boise State,made,Abu Kigab,NA,FALSE,TRUE,Boise State,San Jose St,NA
401173760,1/29/2020,Boise State,San Jose St,13,1,18:24,2304,2304,Brae Ivey missed Three Point Jumper.,3,4,-1,17,0.926077419,0.47690148,4,4,16.5,NA,NA,San Jose St,missed,Brae Ivey,NA,TRUE,FALSE,San Jose St,Boise State,NA
401173760,1/29/2020,Boise State,San Jose St,14,1,18:20,2300,2300,Justinian Jessup Defensive Rebound.,3,4,-1,4,0.925984239,0.476856814,4,4,16.5,NA,NA,NA,NA,NA,NA,NA,NA,San Jose St,Boise State,NA
401173760,1/29/2020,Boise State,San Jose St,15,1,18:16,2296,2296,RayJ Dennis made Three Point Jumper. Assisted by Justinian Jessup.,6,4,2,4,0.942873701,0.546276344,4,4,16.5,NA,NA,Boise State,made,RayJ Dennis,Justinian Jessup,TRUE,FALSE,Boise State,San Jose St,NA
401173760,1/29/2020,Boise State,San Jose St,16,1,17:54,2274,2274,Ralph Agee missed Jumper.,6,4,2,22,0.942622876,0.54676821,4,4,16.5,NA,NA,San Jose St,missed,Ralph Agee,NA,FALSE,FALSE,San Jose St,Boise State,NA
401173760,1/29/2020,Boise State,San Jose St,17,1,17:49,2269,2269,RayJ Dennis Defensive Rebound.,6,4,2,5,0.942564526,0.546880617,4,4,16.5,NA,NA,NA,NA,NA,NA,NA,NA,San Jose St,Boise State,NA
401173760,1/29/2020,Boise State,San Jose St,18,1,17:36,2256,2256,RJ Williams made Layup.,8,4,4,13,0.951862429,0.593515303,4,4,16.5,NA,NA,Boise State,made,RJ Williams,NA,FALSE,FALSE,Boise State,San Jose St,NA
401173760,1/29/2020,Boise State,San Jose St,19,1,17:32,2252,2252,San Jose State  Timeout,8,4,4,4,0.951838545,0.59369154,4,3,16.5,NA,NA,NA,NA,NA,NA,NA,NA,San Jose St,San Jose St,NA
401173760,1/29/2020,Boise State,San Jose St,20,1,17:07,2227,2227,Brae Ivey made Jumper.,8,6,2,25,0.942053695,0.547832686,4,3,16.5,NA,NA,San Jose St,made,Brae Ivey,NA,FALSE,FALSE,San Jose St,Boise State,NA
401173760,1/29/2020,Boise State,San Jose St,21,1,16:54,2214,2214,Derrick Alston made Dunk.,10,6,4,13,0.951599164,0.595375941,4,3,16.5,NA,NA,Boise State,made,Derrick Alston,NA,FALSE,FALSE,Boise State,San Jose St,NA
401173760,1/29/2020,Boise State,San Jose St,22,1,16:29,2189,2189,Seneca Knight made Jumper.,10,8,2,25,0.941557575,0.548703917,4,3,16.5,NA,NA,San Jose St,made,Seneca Knight,NA,FALSE,FALSE,San Jose St,Boise State,NA
401173760,1/29/2020,Boise State,San Jose St,23,1,16:15,2175,2175,RJ Williams missed Layup.,10,8,2,14,0.941366106,0.549026652,4,3,16.5,NA,NA,Boise State,missed,RJ Williams,NA,FALSE,FALSE,Boise State,San Jose St,NA
401173760,1/29/2020,Boise State,San Jose St,24,1,16:12,2172,2172,Christian Anigwe Defensive Rebound.,10,8,2,3,0.941324444,0.549095909,4,3,16.5,NA,NA,NA,NA,NA,NA,NA,NA,Boise State,San Jose St,NA
401173760,1/29/2020,Boise State,San Jose St,25,1,16:09,2169,2169,Seneca Knight made Three Point Jumper. Assisted by Omari Moore.,10,11,-1,3,0.922624994,0.47535769,4,3,16.5,NA,NA,San Jose St,made,Seneca Knight,Omari Moore,TRUE,FALSE,San Jose St,Boise State,NA
401173760,1/29/2020,Boise State,San Jose St,26,1,15:44,2144,2144,Justinian Jessup missed Jumper.,10,11,-1,25,0.921911192,0.475065558,4,3,16.5,NA,NA,Boise State,missed,Justinian Jessup,NA,FALSE,FALSE,Boise State,San Jose St,NA
401173760,1/29/2020,Boise State,San Jose St,27,1,15:40,2140,2140,Christian Anigwe Defensive Rebound.,10,11,-1,4,0.921794758,0.475018583,4,3,16.5,NA,NA,NA,NA,NA,NA,NA,NA,Boise State,San Jose St,NA
401173760,1/29/2020,Boise State,San Jose St,28,1,15:36,2136,2136,Seneca Knight missed Three Point Jumper.,10,11,-1,4,0.921677707,0.47497154,4,3,16.5,NA,NA,San Jose St,missed,Seneca Knight,NA,TRUE,FALSE,San Jose St,Boise State,NA
401173760,1/29/2020,Boise State,San Jose St,29,1,15:32,2132,2132,RJ Williams Defensive Rebound.,10,11,-1,4,0.921560038,0.474924428,4,3,16.5,NA,NA,NA,NA,NA,NA,NA,NA,San Jose St,Boise State,NA
401173760,1/29/2020,Boise State,San Jose St,30,1,15:27,2127,2127,Abu Kigab missed Three Point Jumper.,10,11,-1,5,0.921412085,0.474865441,4,3,16.5,NA,NA,Boise State,missed,Abu Kigab,NA,TRUE,FALSE,Boise State,San Jose St,NA
401173760,1/29/2020,Boise State,San Jose St,31,1,15:23,2123,2123,Omari Moore Defensive Rebound.,10,11,-1,4,0.921293025,0.474818171,4,3,16.5,NA,NA,NA,NA,NA,NA,NA,NA,Boise State,San Jose St,NA
401173760,1/29/2020,Boise State,San Jose St,32,1,15:10,2110,2110,Seneca Knight missed Jumper.,10,11,-1,13,0.920901801,0.474664039,4,3,16.5,NA,NA,San Jose St,missed,Seneca Knight,NA,FALSE,FALSE,San Jose St,Boise State,NA
401173760,1/29/2020,Boise State,San Jose St,33,1,15:07,2107,2107,Derrick Alston Defensive Rebound.,10,11,-1,3,0.920810586,0.474628358,4,3,16.5,NA,NA,NA,NA,NA,NA,NA,NA,San Jose St,Boise State,NA
401173760,1/29/2020,Boise State,San Jose St,34,1,15:03,2103,2103,Derrick Alston made Three Point Jumper.,13,11,2,4,0.940309273,0.550707512,4,3,16.5,NA,NA,Boise State,made,Derrick Alston,NA,TRUE,FALSE,Boise State,San Jose St,NA
401173760,1/29/2020,Boise State,San Jose St,35,1,14:41,2081,2081,Omari Moore made Layup.,13,13,0,22,0.927253163,0.5,4,3,16.5,NA,NA,San Jose St,made,Omari Moore,NA,FALSE,FALSE,San Jose St,Boise State,NA
401173760,1/29/2020,Boise State,San Jose St,36,1,14:19,2059,2059,Foul on Brae Ivey.,13,13,0,22,0.92668215,0.5,4,3,16.5,NA,NA,NA,NA,NA,NA,NA,NA,Boise State,Boise State,NA
401173760,1/29/2020,Boise State,San Jose St,37,1,14:18,2058,2058,Official TV Timeout,13,13,0,1,0.926655821,0.5,4,3,16.5,NA,NA,NA,NA,NA,NA,NA,NA,Boise State,Boise State,NA
401173760,1/29/2020,Boise State,San Jose St,38,1,14:18,2058,2058,RJ Williams made Free Throw.,14,13,1,0,0.933414094,0.525960866,4,3,16.5,NA,NA,Boise State,made,RJ Williams,NA,FALSE,TRUE,Boise State,Boise State,NA
401173760,1/29/2020,Boise State,San Jose St,39,1,14:18,2058,2058,RJ Williams made Free Throw.,15,13,2,0,0.939590226,0.551782133,4,3,16.5,NA,NA,Boise State,made,RJ Williams,NA,FALSE,TRUE,Boise State,San Jose St,NA
401173760,1/29/2020,Boise State,San Jose St,40,1,13:57,2037,2037,Omari Moore Turnover.,15,13,2,21,0.939239689,0.55229104,4,3,16.5,NA,NA,NA,NA,NA,NA,NA,NA,San Jose St,Boise State,NA
401173760,1/29/2020,Boise State,San Jose St,41,1,13:57,2037,2037,RayJ Dennis Steal.,15,13,2,0,0.939239689,0.55229104,4,3,16.5,NA,NA,NA,NA,NA,NA,NA,NA,San Jose St,Boise State,NA
401173760,1/29/2020,Boise State,San Jose St,42,1,13:35,2015,2015,Derrick Alston made Three Point Jumper. Assisted by Justinian Jessup.,18,13,5,22,0.954769919,0.62954755,4,3,16.5,NA,NA,Boise State,made,Derrick Alston,Justinian Jessup,TRUE,FALSE,Boise State,San Jose St,NA
401173760,1/29/2020,Boise State,San Jose St,43,1,13:04,1984,1984,Foul on Robin Jorch.,18,13,5,31,0.954559939,0.631360421,4,3,16.5,NA,NA,NA,NA,NA,NA,NA,NA,San Jose St,San Jose St,NA
401173760,1/29/2020,Boise State,San Jose St,44,1,12:46,1966,1966,Eduardo Lane missed Jumper.,18,13,5,18,0.95443397,0.632425428,4,3,16.5,NA,NA,San Jose St,missed,Eduardo Lane,NA,FALSE,FALSE,San Jose St,Boise State,NA
401173760,1/29/2020,Boise State,San Jose St,45,1,12:43,1963,1963,RayJ Dennis Defensive Rebound.,18,13,5,3,0.9544127,0.632603852,4,3,16.5,NA,NA,NA,NA,NA,NA,NA,NA,San Jose St,Boise State,NA
401173760,1/29/2020,Boise State,San Jose St,46,1,12:40,1960,1960,RayJ Dennis missed Three Point Jumper.,18,13,5,3,0.954391354,0.632782545,4,3,16.5,NA,NA,Boise State,missed,RayJ Dennis,NA,TRUE,FALSE,Boise State,San Jose St,NA
401173760,1/29/2020,Boise State,San Jose St,47,1,12:36,1956,1956,Eduardo Lane Defensive Rebound.,18,13,5,4,0.954362775,0.633021224,4,3,16.5,NA,NA,NA,NA,NA,NA,NA,NA,Boise State,San Jose St,NA
401173760,1/29/2020,Boise State,San Jose St,48,1,12:17,1937,1937,Seneca Knight missed Jumper.,18,13,5,19,0.954225237,0.634161662,4,3,16.5,NA,NA,San Jose St,missed,Seneca Knight,NA,FALSE,FALSE,San Jose St,Boise State,NA
401173760,1/29/2020,Boise State,San Jose St,49,1,12:13,1933,1933,Derrick Alston Defensive Rebound.,18,13,5,4,0.954195916,0.634403197,4,3,16.5,NA,NA,NA,NA,NA,NA,NA,NA,San Jose St,Boise State,NA
401173760,1/29/2020,Boise State,San Jose St,50,1,12:00,1920,1920,Derrick Alston made Three Point Jumper. Assisted by RayJ Dennis.,21,13,8,13,0.966657356,0.708326803,4,3,16.5,NA,NA,Boise State,made,Derrick Alston,RayJ Dennis,TRUE,FALSE,Boise State,San Jose St,NA
401173760,1/29/2020,Boise State,San Jose St,51,1,11:42,1902,1902,Foul on Robin Jorch.,21,13,8,18,0.966644788,0.709873771,4,3,16.5,NA,NA,NA,NA,NA,NA,NA,NA,San Jose St,San Jose St,NA
401173760,1/29/2020,Boise State,San Jose St,52,1,11:42,1902,1902,Official TV Timeout,21,13,8,0,0.966644788,0.709873771,4,3,16.5,NA,NA,NA,NA,NA,NA,NA,NA,San Jose St,San Jose St,NA
401173760,1/29/2020,Boise State,San Jose St,53,1,11:42,1902,1902,Brae Ivey missed Free Throw.,21,13,8,0,0.966644788,0.709873771,4,3,16.5,NA,NA,San Jose St,missed,Brae Ivey,NA,FALSE,TRUE,San Jose St,San Jose St,NA
401173760,1/29/2020,Boise State,San Jose St,54,1,11:42,1902,1902,San Jose State Offensive Rebound.,21,13,8,0,0.966644788,0.709873771,4,3,16.5,NA,NA,NA,NA,NA,NA,NA,NA,San Jose St,San Jose St,NA
401173760,1/29/2020,Boise State,San Jose St,55,1,11:42,1902,1902,Brae Ivey made Free Throw.,21,14,7,0,0.962844163,0.686310107,4,3,16.5,NA,NA,San Jose St,made,Brae Ivey,NA,FALSE,TRUE,San Jose St,Boise State,NA
401173760,1/29/2020,Boise State,San Jose St,56,1,11:16,1876,1876,Justinian Jessup missed Three Point Jumper.,21,14,7,26,0.962766488,0.688346318,4,3,16.5,NA,NA,Boise State,missed,Justinian Jessup,NA,TRUE,FALSE,Boise State,San Jose St,NA
401173760,1/29/2020,Boise State,San Jose St,57,1,11:12,1872,1872,Zach Chappell Defensive Rebound.,21,14,7,4,0.962753692,0.688659304,4,3,16.5,NA,NA,NA,NA,NA,NA,NA,NA,Boise State,San Jose St,NA
401173760,1/29/2020,Boise State,San Jose St,58,1,11:09,1869,1869,Richard Washington made Three Point Jumper. Assisted by Seneca Knight.,21,17,4,3,0.948401183,0.611651466,4,3,16.5,NA,NA,San Jose St,made,Richard Washington,Seneca Knight,TRUE,FALSE,San Jose St,Boise State,NA
401173760,1/29/2020,Boise State,San Jose St,59,1,10:56,1856,1856,RJ Williams made Dunk. Assisted by Derrick Alston.,23,17,6,13,0.95837426,0.664956782,4,3,16.5,NA,NA,Boise State,made,RJ Williams,Derrick Alston,FALSE,FALSE,Boise State,San Jose St,NA
401173760,1/29/2020,Boise State,San Jose St,60,1,10:35,1835,1835,Eduardo Lane made Layup.,23,19,4,21,0.947978295,0.613341717,4,3,16.5,NA,NA,San Jose St,made,Eduardo Lane,NA,FALSE,FALSE,San Jose St,Boise State,NA
401173760,1/29/2020,Boise State,San Jose St,61,1,10:11,1811,1811,Derrick Alston missed Three Point Jumper.,23,19,4,24,0.947667758,0.614545126,4,3,16.5,NA,NA,Boise State,missed,Derrick Alston,NA,TRUE,FALSE,Boise State,San Jose St,NA
401173760,1/29/2020,Boise State,San Jose St,62,1,10:08,1808,1808,Eduardo Lane Defensive Rebound.,23,19,4,3,0.94762833,0.614696391,4,3,16.5,NA,NA,NA,NA,NA,NA,NA,NA,Boise State,San Jose St,NA
401173760,1/29/2020,Boise State,San Jose St,63,1,9:50,1790,1790,Richard Washington missed Jumper.,23,19,4,18,0.947389224,0.615608723,4,3,16.5,NA,NA,San Jose St,missed,Richard Washington,NA,FALSE,FALSE,San Jose St,San Jose St,NA
401173760,1/29/2020,Boise State,San Jose St,64,1,9:44,1784,1784,Eduardo Lane Offensive Rebound.,23,19,4,6,0.947308628,0.615914827,4,3,16.5,NA,NA,NA,NA,NA,NA,NA,NA,San Jose St,San Jose St,NA
401173760,1/29/2020,Boise State,San Jose St,65,1,9:41,1781,1781,Eduardo Lane missed Layup.,23,19,4,3,0.947268175,0.616068288,4,3,16.5,NA,NA,San Jose St,missed,Eduardo Lane,NA,FALSE,FALSE,San Jose St,Boise State,NA
401173760,1/29/2020,Boise State,San Jose St,66,1,9:37,1777,1777,Alex Hobbs Defensive Rebound.,23,19,4,4,0.947214086,0.616273345,4,3,16.5,NA,NA,NA,NA,NA,NA,NA,NA,San Jose St,Boise State,NA
401173760,1/29/2020,Boise State,San Jose St,67,1,9:35,1775,1775,Eduardo Lane missed Jumper.,23,19,4,2,0.947186977,0.616376067,4,3,16.5,NA,NA,San Jose St,missed,Eduardo Lane,NA,FALSE,FALSE,San Jose St,San Jose St,NA
401173760,1/29/2020,Boise State,San Jose St,68,1,9:35,1775,1775,Eduardo Lane Offensive Rebound.,23,19,4,0,0.947186977,0.616376067,4,3,16.5,NA,NA,NA,NA,NA,NA,NA,NA,San Jose St,San Jose St,NA
401173760,1/29/2020,Boise State,San Jose St,69,1,9:35,1775,1775,Foul on Justinian Jessup.,23,19,4,0,0.947186977,0.616376067,4,3,16.5,NA,NA,NA,NA,NA,NA,NA,NA,San Jose St,San Jose St,NA
401173760,1/29/2020,Boise State,San Jose St,70,1,9:35,1775,1775,Eduardo Lane missed Free Throw.,23,19,4,0,0.947186977,0.616376067,4,3,16.5,NA,NA,San Jose St,missed,Eduardo Lane,NA,FALSE,TRUE,San Jose St,San Jose St,NA
401173760,1/29/2020,Boise State,San Jose St,71,1,9:35,1775,1775,San Jose State Offensive Rebound.,23,19,4,0,0.947186977,0.616376067,4,3,16.5,NA,NA,NA,NA,NA,NA,NA,NA,San Jose St,San Jose St,NA
401173760,1/29/2020,Boise State,San Jose St,72,1,9:35,1775,1775,Eduardo Lane missed Free Throw.,23,19,4,0,0.947186977,0.616376067,4,3,16.5,NA,NA,San Jose St,missed,Eduardo Lane,NA,FALSE,TRUE,San Jose St,San Jose St,NA
401173760,1/29/2020,Boise State,San Jose St,73,1,9:35,1775,1775,RJ Williams Defensive Rebound.,23,19,4,0,0.947186977,0.616376067,4,3,16.5,NA,NA,NA,NA,NA,NA,NA,NA,San Jose St,San Jose St,NA
401173760,1/29/2020,Boise State,San Jose St,74,1,9:35,1775,1775,Alex Hobbs Turnover.,23,19,4,0,0.947186977,0.616376067,4,3,16.5,NA,NA,NA,NA,NA,NA,NA,NA,San Jose St,San Jose St,NA
401173760,1/29/2020,Boise State,San Jose St,75,1,9:19,1759,1759,Marcus Dickinson missed Layup.,23,19,4,16,0.946968707,0.61720282,4,3,16.5,NA,NA,Boise State,missed,Marcus Dickinson,NA,FALSE,FALSE,Boise State,San Jose St,NA
401173760,1/29/2020,Boise State,San Jose St,76,1,9:19,1759,1759,Eduardo Lane Block.,23,19,4,0,0.946968707,0.61720282,4,3,16.5,NA,NA,NA,NA,NA,NA,NA,NA,Boise State,San Jose St,NA
401173760,1/29/2020,Boise State,San Jose St,77,1,9:14,1754,1754,Seneca Knight Defensive Rebound.,23,19,4,5,0.946900032,0.617463108,4,3,16.5,NA,NA,NA,NA,NA,NA,NA,NA,Boise State,San Jose St,NA
401173760,1/29/2020,Boise State,San Jose St,78,1,9:12,1752,1752,Seneca Knight Turnover.,23,19,4,2,0.946872507,0.617567496,4,3,16.5,NA,NA,NA,NA,NA,NA,NA,NA,San Jose St,Boise State,NA
401173760,1/29/2020,Boise State,San Jose St,79,1,9:12,1752,1752,Max Rice Steal.,23,19,4,0,0.946872507,0.617567496,4,3,16.5,NA,NA,NA,NA,NA,NA,NA,NA,San Jose St,Boise State,NA
401173760,1/29/2020,Boise State,San Jose St,80,1,9:11,1751,1751,Derrick Alston Turnover.,23,19,4,1,0.946858732,0.61761975,4,3,16.5,NA,NA,NA,NA,NA,NA,NA,NA,Boise State,San Jose St,NA
401173760,1/29/2020,Boise State,San Jose St,81,1,8:55,1735,1735,Kaison Hammonds made Layup.,23,21,2,16,0.933036367,0.560086098,4,3,16.5,NA,NA,San Jose St,made,Kaison Hammonds,NA,FALSE,FALSE,San Jose St,Boise State,NA
401173760,1/29/2020,Boise State,San Jose St,82,1,8:37,1717,1717,Max Rice Turnover.,23,21,2,18,0.932598412,0.560587814,4,3,16.5,NA,NA,NA,NA,NA,NA,NA,NA,Boise State,San Jose St,NA
401173760,1/29/2020,Boise State,San Jose St,83,1,8:37,1717,1717,Richard Washington Steal.,23,21,2,0,0.932598412,0.560587814,4,3,16.5,NA,NA,NA,NA,NA,NA,NA,NA,Boise State,San Jose St,NA
401173760,1/29/2020,Boise State,San Jose St,84,1,8:24,1704,1704,Eduardo Lane Turnover.,23,21,2,13,0.932278988,0.560955584,4,3,16.5,NA,NA,NA,NA,NA,NA,NA,NA,San Jose St,Boise State,NA
401173760,1/29/2020,Boise State,San Jose St,85,1,8:24,1704,1704,Max Rice Steal.,23,21,2,0,0.932278988,0.560955584,4,3,16.5,NA,NA,NA,NA,NA,NA,NA,NA,San Jose St,Boise State,NA
401173760,1/29/2020,Boise State,San Jose St,86,1,8:04,1684,1684,Alex Hobbs made Three Point Jumper. Assisted by RJ Williams.,26,21,5,20,0.951912374,0.64986175,4,3,16.5,NA,NA,Boise State,made,Alex Hobbs,RJ Williams,TRUE,FALSE,Boise State,San Jose St,NA
401173760,1/29/2020,Boise State,San Jose St,87,1,7:51,1671,1671,Zach Chappell made Jumper.,26,23,3,13,0.938978642,0.592257193,4,3,16.5,NA,NA,San Jose St,made,Zach Chappell,NA,FALSE,FALSE,San Jose St,Boise State,NA
401173760,1/29/2020,Boise State,San Jose St,88,1,7:37,1657,1657,Alex Hobbs missed Jumper.,26,23,3,14,0.938689208,0.592830826,4,3,16.5,NA,NA,Boise State,missed,Alex Hobbs,NA,FALSE,FALSE,Boise State,San Jose St,NA
401173760,1/29/2020,Boise State,San Jose St,89,1,7:34,1654,1654,Kaison Hammonds Defensive Rebound.,26,23,3,3,0.938625683,0.592952543,4,3,16.5,NA,NA,NA,NA,NA,NA,NA,NA,Boise State,San Jose St,NA
401173760,1/29/2020,Boise State,San Jose St,90,1,7:34,1654,1654,Foul on Abu Kigab.,26,23,3,0,0.938625683,0.592952543,4,3,16.5,NA,NA,NA,NA,NA,NA,NA,NA,Boise State,San Jose St,NA
401173760,1/29/2020,Boise State,San Jose St,91,1,7:31,1651,1651,Official TV Timeout,26,23,3,3,0.938561651,0.593073882,4,3,16.5,NA,NA,NA,NA,NA,NA,NA,NA,San Jose St,San Jose St,NA
401173760,1/29/2020,Boise State,San Jose St,92,1,7:09,1629,1629,Richard Washington missed Three Point Jumper.,26,23,3,22,0.938077651,0.593954238,4,3,16.5,NA,NA,San Jose St,missed,Richard Washington,NA,TRUE,FALSE,San Jose St,Boise State,NA
401173760,1/29/2020,Boise State,San Jose St,93,1,7:06,1626,1626,RJ Williams Defensive Rebound.,26,23,3,3,0.938009826,0.594073276,4,3,16.5,NA,NA,NA,NA,NA,NA,NA,NA,San Jose St,Boise State,NA
401173760,1/29/2020,Boise State,San Jose St,94,1,7:03,1623,1623,Foul on Kaison Hammonds.,26,23,3,3,0.937941599,0.594192139,4,3,16.5,NA,NA,NA,NA,NA,NA,NA,NA,Boise State,Boise State,NA
401173760,1/29/2020,Boise State,San Jose St,95,1,7:03,1623,1623,Alex Hobbs missed Free Throw.,26,23,3,0,0.937941599,0.594192139,4,3,16.5,NA,NA,Boise State,missed,Alex Hobbs,NA,FALSE,TRUE,Boise State,Boise State,NA
401173760,1/29/2020,Boise State,San Jose St,96,1,7:03,1623,1623,Boise State Offensive Rebound.,26,23,3,0,0.937941599,0.594192139,4,3,16.5,NA,NA,NA,NA,NA,NA,NA,NA,Boise State,Boise State,NA
401173760,1/29/2020,Boise State,San Jose St,97,1,7:03,1623,1623,Alex Hobbs made Free Throw.,27,23,4,0,0.944941119,0.624438493,4,3,16.5,NA,NA,Boise State,made,Alex Hobbs,NA,FALSE,TRUE,Boise State,San Jose St,NA
401173760,1/29/2020,Boise State,San Jose St,98,1,6:48,1608,1608,Kaison Hammonds missed Jumper.,27,23,4,15,0.944673966,0.625206609,4,3,16.5,NA,NA,San Jose St,missed,Kaison Hammonds,NA,FALSE,FALSE,San Jose St,Boise State,NA
401173760,1/29/2020,Boise State,San Jose St,99,1,6:45,1605,1605,RJ Williams Defensive Rebound.,27,23,4,3,0.944619631,0.625359909,4,3,16.5,NA,NA,NA,NA,NA,NA,NA,NA,San Jose St,Boise State,NA
401173760,1/29/2020,Boise State,San Jose St,100,1,6:26,1586,1586,Foul on Kaison Hammonds.,27,23,4,19,0.944269661,0.626330965,4,3,16.5,NA,NA,NA,NA,NA,NA,NA,NA,Boise State,Boise State,NA
401173760,1/29/2020,Boise State,San Jose St,101,1,6:08,1568,1568,Alex Hobbs made Jumper.,29,23,6,18,0.956215234,0.685829379,4,3,16.5,NA,NA,Boise State,made,Alex Hobbs,NA,FALSE,FALSE,Boise State,San Jose St,NA
401173760,1/29/2020,Boise State,San Jose St,102,1,5:51,1551,1551,Zach Chappell missed Jumper.,29,23,6,17,0.956038317,0.687049572,4,3,16.5,NA,NA,San Jose St,missed,Zach Chappell,NA,FALSE,FALSE,San Jose St,San Jose St,NA
401173760,1/29/2020,Boise State,San Jose St,103,1,5:49,1549,1549,Ralph Agee Offensive Rebound.,29,23,6,2,0.956017515,0.687194228,4,3,16.5,NA,NA,NA,NA,NA,NA,NA,NA,San Jose St,San Jose St,NA
401173760,1/29/2020,Boise State,San Jose St,104,1,5:49,1549,1549,Foul on Alex Hobbs.,29,23,6,0,0.956017515,0.687194228,4,3,16.5,NA,NA,NA,NA,NA,NA,NA,NA,San Jose St,San Jose St,NA
401173760,1/29/2020,Boise State,San Jose St,105,1,5:49,1549,1549,Ralph Agee made Free Throw.,29,24,5,0,0.950159991,0.658330253,4,3,16.5,NA,NA,San Jose St,made,Ralph Agee,NA,FALSE,TRUE,San Jose St,San Jose St,NA
401173760,1/29/2020,Boise State,San Jose St,106,1,5:49,1549,1549,Ralph Agee made Free Throw.,29,25,4,0,0.943568418,0.628243713,4,3,16.5,NA,NA,San Jose St,made,Ralph Agee,NA,FALSE,TRUE,San Jose St,Boise State,NA
401173760,1/29/2020,Boise State,San Jose St,107,1,5:37,1537,1537,RJ Williams Turnover.,29,25,4,12,0.943338495,0.628877062,4,3,16.5,NA,NA,NA,NA,NA,NA,NA,NA,Boise State,San Jose St,NA
401173760,1/29/2020,Boise State,San Jose St,108,1,5:37,1537,1537,Richard Washington Steal.,29,25,4,0,0.943338495,0.628877062,4,3,16.5,NA,NA,NA,NA,NA,NA,NA,NA,Boise State,San Jose St,NA
401173760,1/29/2020,Boise State,San Jose St,109,1,5:31,1531,1531,Omari Moore missed Three Point Jumper.,29,25,4,6,0.943223547,0.629197133,4,3,16.5,NA,NA,San Jose St,missed,Omari Moore,NA,TRUE,FALSE,San Jose St,Boise State,NA
401173760,1/29/2020,Boise State,San Jose St,110,1,5:30,1530,1530,Abu Kigab Defensive Rebound.,29,25,4,1,0.943204401,0.629250721,4,3,16.5,NA,NA,NA,NA,NA,NA,NA,NA,San Jose St,Boise State,NA
401173760,1/29/2020,Boise State,San Jose St,111,1,5:30,1530,1530,Foul on Christian Anigwe.,29,25,4,0,0.943204401,0.629250721,4,3,16.5,NA,NA,NA,NA,NA,NA,NA,NA,San Jose St,Boise State,NA
401173760,1/29/2020,Boise State,San Jose St,112,1,5:10,1510,1510,Abu Kigab made Jumper.,31,25,6,20,0.955619704,0.690082889,4,3,16.5,NA,NA,Boise State,made,Abu Kigab,NA,FALSE,FALSE,Boise State,San Jose St,NA
401173760,1/29/2020,Boise State,San Jose St,113,1,4:56,1496,1496,Seneca Knight missed Jumper.,31,25,6,14,0.955483824,0.691160679,4,3,16.5,NA,NA,San Jose St,missed,Seneca Knight,NA,FALSE,FALSE,San Jose St,Boise State,NA
401173760,1/29/2020,Boise State,San Jose St,114,1,4:54,1494,1494,Derrick Alston Defensive Rebound.,31,25,6,2,0.955464854,0.69131681,4,3,16.5,NA,NA,NA,NA,NA,NA,NA,NA,San Jose St,Boise State,NA
401173760,1/29/2020,Boise State,San Jose St,115,1,4:43,1483,1483,Abu Kigab made Jumper. Assisted by RayJ Dennis.,33,25,8,11,0.965565124,0.74658461,4,3,16.5,NA,NA,Boise State,made,Abu Kigab,RayJ Dennis,FALSE,FALSE,Boise State,San Jose St,NA
401173760,1/29/2020,Boise State,San Jose St,116,1,4:17,1457,1457,Seneca Knight missed Layup.,33,25,8,26,0.965503101,0.749107327,4,3,16.5,NA,NA,San Jose St,missed,Seneca Knight,NA,FALSE,FALSE,San Jose St,Boise State,NA
401173760,1/29/2020,Boise State,San Jose St,117,1,4:14,1454,1454,Robin Jorch Defensive Rebound.,33,25,8,3,0.965497962,0.749407311,4,3,16.5,NA,NA,NA,NA,NA,NA,NA,NA,San Jose St,Boise State,NA
401173760,1/29/2020,Boise State,San Jose St,118,1,4:07,1447,1447,Derrick Alston made Three Point Jumper. Assisted by RayJ Dennis.,36,25,11,7,0.976876483,0.819271499,4,3,16.5,NA,NA,Boise State,made,Derrick Alston,RayJ Dennis,TRUE,FALSE,Boise State,San Jose St,NA
401173760,1/29/2020,Boise State,San Jose St,119,1,3:57,1437,1437,San Jose State  Timeout,36,25,11,10,0.976908503,0.820348053,4,2,16.5,NA,NA,NA,NA,NA,NA,NA,NA,San Jose St,San Jose St,NA
401173760,1/29/2020,Boise State,San Jose St,120,1,3:57,1437,1437,Official TV Timeout,36,25,11,0,0.976908503,0.820348053,4,2,16.5,NA,NA,NA,NA,NA,NA,NA,NA,San Jose St,San Jose St,NA
401173760,1/29/2020,Boise State,San Jose St,121,1,3:32,1412,1412,Christian Anigwe missed Three Point Jumper.,36,25,11,25,0.97697,0.822931739,4,2,16.5,NA,NA,San Jose St,missed,Christian Anigwe,NA,TRUE,FALSE,San Jose St,Boise State,NA
401173760,1/29/2020,Boise State,San Jose St,122,1,3:28,1408,1408,Abu Kigab Defensive Rebound.,36,25,11,4,0.976977812,0.823333432,4,2,16.5,NA,NA,NA,NA,NA,NA,NA,NA,San Jose St,Boise State,NA
401173760,1/29/2020,Boise State,San Jose St,123,1,3:14,1394,1394,Derrick Alston missed Jumper.,36,25,11,14,0.977001777,0.824719986,4,2,16.5,NA,NA,Boise State,missed,Derrick Alston,NA,FALSE,FALSE,Boise State,Boise State,NA
401173760,1/29/2020,Boise State,San Jose St,124,1,3:14,1394,1394,Christian Anigwe Block.,36,25,11,0,0.977001777,0.824719986,4,2,16.5,NA,NA,NA,NA,NA,NA,NA,NA,Boise State,Boise State,NA
401173760,1/29/2020,Boise State,San Jose St,125,1,3:13,1393,1393,Boise State Offensive Rebound.,36,25,11,1,0.977003314,0.824818029,4,2,16.5,NA,NA,NA,NA,NA,NA,NA,NA,Boise State,Boise State,NA
401173760,1/29/2020,Boise State,San Jose St,126,1,3:01,1381,1381,Justinian Jessup missed Jumper.,36,25,11,12,0.977020349,0.825986436,4,2,16.5,NA,NA,Boise State,missed,Justinian Jessup,NA,FALSE,FALSE,Boise State,Boise State,NA
401173760,1/29/2020,Boise State,San Jose St,127,1,3:01,1381,1381,Boise State Offensive Rebound.,36,25,11,0,0.977020349,0.825986436,4,2,16.5,NA,NA,NA,NA,NA,NA,NA,NA,Boise State,Boise State,NA
401173760,1/29/2020,Boise State,San Jose St,128,1,3:01,1381,1381,Foul on Brae Ivey.,36,25,11,0,0.977020349,0.825986436,4,2,16.5,NA,NA,NA,NA,NA,NA,NA,NA,Boise State,Boise State,NA
401173760,1/29/2020,Boise State,San Jose St,129,1,3:01,1381,1381,Robin Jorch made Free Throw.,37,25,12,0,0.979993413,0.845408138,4,2,16.5,NA,NA,Boise State,made,Robin Jorch,NA,FALSE,TRUE,Boise State,Boise State,NA
401173760,1/29/2020,Boise State,San Jose St,130,1,3:01,1381,1381,Robin Jorch missed Free Throw.,37,25,12,0,0.979993413,0.845408138,4,2,16.5,NA,NA,Boise State,missed,Robin Jorch,NA,FALSE,TRUE,Boise State,San Jose St,NA
401173760,1/29/2020,Boise State,San Jose St,131,1,3:00,1380,1380,Omari Moore Defensive Rebound.,37,25,12,1,0.979995765,0.845504144,4,2,16.5,NA,NA,NA,NA,NA,NA,NA,NA,Boise State,San Jose St,NA
401173760,1/29/2020,Boise State,San Jose St,132,1,2:39,1359,1359,Trey Smith Turnover.,37,25,12,21,0.980043227,0.847506554,4,2,16.5,NA,NA,NA,NA,NA,NA,NA,NA,San Jose St,Boise State,NA
401173760,1/29/2020,Boise State,San Jose St,133,1,2:18,1338,1338,RJ Williams made Layup.,39,25,14,21,0.985004408,0.882793195,4,2,16.5,NA,NA,Boise State,made,RJ Williams,NA,FALSE,FALSE,Boise State,San Jose St,NA
401173760,1/29/2020,Boise State,San Jose St,134,1,2:01,1321,1321,Richard Washington missed Three Point Jumper.,39,25,14,17,0.985067012,0.884329477,4,2,16.5,NA,NA,San Jose St,missed,Richard Washington,NA,TRUE,FALSE,San Jose St,Boise State,NA
401173760,1/29/2020,Boise State,San Jose St,135,1,1:57,1317,1317,Derrick Alston Defensive Rebound.,39,25,14,4,0.985082354,0.884693654,4,2,16.5,NA,NA,NA,NA,NA,NA,NA,NA,San Jose St,Boise State,NA
401173760,1/29/2020,Boise State,San Jose St,136,1,1:54,1314,1314,Justinian Jessup made Three Point Jumper. Assisted by Derrick Alston.,42,25,17,3,0.990322164,0.922553162,4,2,16.5,NA,NA,Boise State,made,Justinian Jessup,Derrick Alston,TRUE,FALSE,Boise State,San Jose St,NA
401173760,1/29/2020,Boise State,San Jose St,137,1,1:29,1289,1289,Omari Moore made Jumper.,42,27,15,25,0.987201724,0.901209644,4,2,16.5,NA,NA,San Jose St,made,Omari Moore,NA,FALSE,FALSE,San Jose St,Boise State,NA
401173760,1/29/2020,Boise State,San Jose St,138,1,1:03,1263,1263,RayJ Dennis missed Layup.,42,27,15,26,0.987336892,0.903608156,4,2,16.5,NA,NA,Boise State,missed,RayJ Dennis,NA,FALSE,FALSE,Boise State,San Jose St,NA
401173760,1/29/2020,Boise State,San Jose St,139,1,1:03,1263,1263,Christian Anigwe Block.,42,27,15,0,0.987336892,0.903608156,4,2,16.5,NA,NA,NA,NA,NA,NA,NA,NA,Boise State,San Jose St,NA
401173760,1/29/2020,Boise State,San Jose St,140,1,1:03,1263,1263,San Jose State Defensive Rebound.,42,27,15,0,0.987336892,0.903608156,4,2,16.5,NA,NA,NA,NA,NA,NA,NA,NA,Boise State,San Jose St,NA
401173760,1/29/2020,Boise State,San Jose St,141,1,1:03,1263,1263,Boise State  Timeout,42,27,15,0,0.987336892,0.903608156,4,1,16.5,NA,NA,NA,NA,NA,NA,NA,NA,Boise State,San Jose St,NA
401173760,1/29/2020,Boise State,San Jose St,142,1,1:01,1261,1261,Foul on Justinian Jessup.,42,27,15,2,0.987348252,0.903797588,4,1,16.5,NA,NA,NA,NA,NA,NA,NA,NA,San Jose St,San Jose St,NA
401173760,1/29/2020,Boise State,San Jose St,143,1,0:47,1247,1247,Foul on Ralph Agee.,42,27,15,14,0.987432188,0.90514635,4,1,16.5,NA,NA,NA,NA,NA,NA,NA,NA,San Jose St,Boise State,NA
401173760,1/29/2020,Boise State,San Jose St,144,1,0:47,1247,1247,Ralph Agee Turnover.,42,27,15,0,0.987432188,0.90514635,4,1,16.5,NA,NA,NA,NA,NA,NA,NA,NA,Boise State,Boise State,NA
401173760,1/29/2020,Boise State,San Jose St,145,1,0:36,1236,1236,Alex Hobbs missed Three Point Jumper.,42,27,15,11,0.987503985,0.906236213,4,1,16.5,NA,NA,Boise State,missed,Alex Hobbs,NA,TRUE,FALSE,Boise State,Boise State,NA
401173760,1/29/2020,Boise State,San Jose St,146,1,0:32,1232,1232,Abu Kigab Offensive Rebound.,42,27,15,4,0.987531466,0.906639593,4,1,16.5,NA,NA,NA,NA,NA,NA,NA,NA,Boise State,Boise State,NA
401173760,1/29/2020,Boise State,San Jose St,147,1,0:28,1228,1228,Justinian Jessup missed Three Point Jumper.,42,27,15,4,0.987559713,0.907046903,4,1,16.5,NA,NA,Boise State,missed,Justinian Jessup,NA,TRUE,FALSE,Boise State,San Jose St,NA
401173760,1/29/2020,Boise State,San Jose St,148,1,0:25,1225,1225,San Jose State Defensive Rebound.,42,27,15,3,0.987581412,0.907355024,4,1,16.5,NA,NA,NA,NA,NA,NA,NA,NA,Boise State,San Jose St,NA
401173760,1/29/2020,Boise State,San Jose St,149,1,0:05,1205,1205,Seneca Knight missed Three Point Jumper.,42,27,15,20,0.987736848,0.909462129,4,1,16.5,NA,NA,San Jose St,missed,Seneca Knight,NA,TRUE,FALSE,San Jose St,San Jose St,NA
401173760,1/29/2020,Boise State,San Jose St,150,1,0:00,1200,1200,Omari Moore Offensive Rebound.,42,27,15,5,0.987776021,0.909984874,4,1,16.5,NA,NA,NA,NA,NA,NA,NA,NA,San Jose St,Boise State,NA
401173760,1/29/2020,Boise State,San Jose St,151,1,0:00,1200,1200,Omari Moore missed Three Point Jumper.,42,27,15,0,0.987776021,0.909984874,4,1,16.5,NA,NA,San Jose St,missed,Omari Moore,NA,TRUE,FALSE,San Jose St,Boise State,NA
401173760,1/29/2020,Boise State,San Jose St,152,1,0:00,1200,1200,Boise State Defensive Rebound.,42,27,15,0,0.987776021,0.909984874,4,1,16.5,NA,NA,NA,NA,NA,NA,NA,NA,San Jose St,Boise State,NA
401173760,1/29/2020,Boise State,San Jose St,153,1,0:00,1200,1200,End of 1st half,42,27,15,0,0.987776021,0.909984874,4,1,16.5,NA,NA,NA,NA,NA,NA,NA,NA,Boise State,NA,NA
401173760,1/29/2020,Boise State,San Jose St,154,2,20:00,1200,1200,PLAY,42,27,15,0,0.987776021,0.909984874,4,2,16.5,NA,NA,NA,NA,NA,NA,NA,NA,NA,Boise State,NA
401173760,1/29/2020,Boise State,San Jose St,155,2,19:44,1184,1184,Derrick Alston Turnover.,42,27,15,16,0.987896416,0.911607361,4,2,16.5,NA,NA,NA,NA,NA,NA,NA,NA,Boise State,San Jose St,NA
401173760,1/29/2020,Boise State,San Jose St,156,2,19:44,1184,1184,Ralph Agee Steal.,42,27,15,0,0.987896416,0.911607361,4,2,16.5,NA,NA,NA,NA,NA,NA,NA,NA,Boise State,San Jose St,NA
401173760,1/29/2020,Boise State,San Jose St,157,2,19:28,1168,1168,Seneca Knight made Jumper.,42,29,13,16,0.983664802,0.884850981,4,2,16.5,NA,NA,San Jose St,made,Seneca Knight,NA,FALSE,FALSE,San Jose St,Boise State,NA
401173760,1/29/2020,Boise State,San Jose St,158,2,18:53,1133,1133,Justinian Jessup made Layup.,44,29,15,35,0.988249037,0.916422957,4,2,16.5,NA,NA,Boise State,made,Justinian Jessup,NA,FALSE,FALSE,Boise State,San Jose St,NA
401173760,1/29/2020,Boise State,San Jose St,159,2,18:34,1114,1114,Brae Ivey Turnover.,44,29,15,19,0.988376795,0.918144687,4,2,16.5,NA,NA,NA,NA,NA,NA,NA,NA,San Jose St,Boise State,NA
401173760,1/29/2020,Boise State,San Jose St,160,2,18:32,1112,1112,Foul on Brae Ivey.,44,29,15,2,0.988390342,0.918325248,4,2,16.5,NA,NA,NA,NA,NA,NA,NA,NA,Boise State,Boise State,NA
401173760,1/29/2020,Boise State,San Jose St,161,2,18:20,1100,1100,Justinian Jessup made Jumper.,46,29,17,12,0.991640776,0.940415005,4,2,16.5,NA,NA,Boise State,made,Justinian Jessup,NA,FALSE,FALSE,Boise State,San Jose St,NA
401173760,1/29/2020,Boise State,San Jose St,162,2,18:04,1084,1084,Kaison Hammonds missed Three Point Jumper.,46,29,17,16,0.991744087,0.941656461,4,2,16.5,NA,NA,San Jose St,missed,Kaison Hammonds,NA,TRUE,FALSE,San Jose St,San Jose St,NA
401173760,1/29/2020,Boise State,San Jose St,163,2,18:01,1081,1081,Kaison Hammonds Offensive Rebound.,46,29,17,3,0.991763821,0.941890152,4,2,16.5,NA,NA,NA,NA,NA,NA,NA,NA,San Jose St,San Jose St,NA
401173760,1/29/2020,Boise State,San Jose St,164,2,17:46,1066,1066,Seneca Knight missed Jumper.,46,29,17,15,0.99186467,0.943066198,4,2,16.5,NA,NA,San Jose St,missed,Seneca Knight,NA,FALSE,FALSE,San Jose St,Boise State,NA
401173760,1/29/2020,Boise State,San Jose St,165,2,17:43,1063,1063,RJ Williams Defensive Rebound.,46,29,17,3,0.99188533,0.943303303,4,2,16.5,NA,NA,NA,NA,NA,NA,NA,NA,San Jose St,Boise State,NA
401173760,1/29/2020,Boise State,San Jose St,166,2,17:34,1054,1054,Justinian Jessup made Three Point Jumper. Assisted by Abu Kigab.,49,29,20,9,0.995093902,0.965232784,4,2,16.5,NA,NA,Boise State,made,Justinian Jessup,Abu Kigab,TRUE,FALSE,Boise State,San Jose St,NA
401173760,1/29/2020,Boise State,San Jose St,167,2,17:15,1035,1035,Seneca Knight made Dunk. Assisted by Omari Moore.,49,31,18,19,0.993302742,0.953583842,4,2,16.5,NA,NA,San Jose St,made,Seneca Knight,Omari Moore,FALSE,FALSE,San Jose St,Boise State,NA
401173760,1/29/2020,Boise State,San Jose St,168,2,16:56,1016,1016,Abu Kigab Turnover.,49,31,18,19,0.993441278,0.955026768,4,2,16.5,NA,NA,NA,NA,NA,NA,NA,NA,Boise State,San Jose St,NA
401173760,1/29/2020,Boise State,San Jose St,169,2,16:56,1016,1016,Kaison Hammonds Steal.,49,31,18,0,0.993441278,0.955026768,4,2,16.5,NA,NA,NA,NA,NA,NA,NA,NA,Boise State,San Jose St,NA
401173760,1/29/2020,Boise State,San Jose St,170,2,16:50,1010,1010,Seneca Knight missed Jumper.,49,31,18,6,0.993487027,0.955492019,4,2,16.5,NA,NA,San Jose St,missed,Seneca Knight,NA,FALSE,FALSE,San Jose St,Boise State,NA
401173760,1/29/2020,Boise State,San Jose St,171,2,16:50,1010,1010,Abu Kigab Block.,49,31,18,0,0.993487027,0.955492019,4,2,16.5,NA,NA,NA,NA,NA,NA,NA,NA,San Jose St,Boise State,NA
401173760,1/29/2020,Boise State,San Jose St,172,2,16:44,1004,1004,Derrick Alston Defensive Rebound.,49,31,18,6,0.993533804,0.955962257,4,2,16.5,NA,NA,NA,NA,NA,NA,NA,NA,San Jose St,Boise State,NA
401173760,1/29/2020,Boise State,San Jose St,173,2,16:44,1004,1004,Foul on Derrick Alston.,49,31,18,0,0.993533804,0.955962257,4,2,16.5,NA,NA,NA,NA,NA,NA,NA,NA,San Jose St,San Jose St,NA
401173760,1/29/2020,Boise State,San Jose St,174,2,16:44,1004,1004,Derrick Alston Turnover.,49,31,18,0,0.993533804,0.955962257,4,2,16.5,NA,NA,NA,NA,NA,NA,NA,NA,San Jose St,San Jose St,NA
401173760,1/29/2020,Boise State,San Jose St,175,2,16:29,989,989,Kaison Hammonds missed Three Point Jumper.,49,31,18,15,0.993655462,0.95716089,4,2,16.5,NA,NA,San Jose St,missed,Kaison Hammonds,NA,TRUE,FALSE,San Jose St,Boise State,NA
401173760,1/29/2020,Boise State,San Jose St,176,2,16:24,984,984,RJ Williams Defensive Rebound.,49,31,18,5,0.993697574,0.957568068,4,2,16.5,NA,NA,NA,NA,NA,NA,NA,NA,San Jose St,Boise State,NA
401173760,1/29/2020,Boise State,San Jose St,177,2,16:18,978,978,RayJ Dennis made Layup. Assisted by RJ Williams.,51,31,20,6,0.995576571,0.970007396,4,2,16.5,NA,NA,Boise State,made,RayJ Dennis,RJ Williams,FALSE,FALSE,Boise State,San Jose St,NA
401173760,1/29/2020,Boise State,San Jose St,178,2,16:10,970,970,Ralph Agee Turnover.,51,31,20,8,0.995634749,0.970543815,4,2,16.5,NA,NA,NA,NA,NA,NA,NA,NA,San Jose St,Boise State,NA
401173760,1/29/2020,Boise State,San Jose St,179,2,16:10,970,970,Abu Kigab Steal.,51,31,20,0,0.995634749,0.970543815,4,2,16.5,NA,NA,NA,NA,NA,NA,NA,NA,San Jose St,Boise State,NA
401173760,1/29/2020,Boise State,San Jose St,180,2,16:04,964,964,Justinian Jessup made Three Point Jumper. Assisted by Abu Kigab.,54,31,23,6,0.997442092,0.98262513,4,2,16.5,NA,NA,Boise State,made,Justinian Jessup,Abu Kigab,TRUE,FALSE,Boise State,San Jose St,NA
401173760,1/29/2020,Boise State,San Jose St,181,2,15:56,956,956,San Jose State  Timeout,54,31,23,8,0.997480985,0.982971753,4,1,16.5,NA,NA,NA,NA,NA,NA,NA,NA,San Jose St,San Jose St,NA
401173760,1/29/2020,Boise State,San Jose St,182,2,15:36,936,936,Richard Washington made Layup.,54,33,21,20,0.996529193,0.976944945,4,1,16.5,NA,NA,San Jose St,made,Richard Washington,NA,FALSE,FALSE,San Jose St,Boise State,NA
401173760,1/29/2020,Boise State,San Jose St,183,2,15:16,916,916,RJ Williams made Jumper.,56,33,23,20,0.997644638,0.984434948,4,1,16.5,NA,NA,Boise State,made,RJ Williams,NA,FALSE,FALSE,Boise State,San Jose St,NA
401173760,1/29/2020,Boise State,San Jose St,184,2,15:12,912,912,Foul on Abu Kigab.,56,33,23,4,0.997658957,0.984562979,4,1,16.5,NA,NA,NA,NA,NA,NA,NA,NA,San Jose St,San Jose St,NA
401173760,1/29/2020,Boise State,San Jose St,185,2,15:12,912,912,Official TV Timeout,56,33,23,0,0.997658957,0.984562979,4,1,16.5,NA,NA,NA,NA,NA,NA,NA,NA,San Jose St,San Jose St,NA
401173760,1/29/2020,Boise State,San Jose St,186,2,14:58,898,898,Zach Chappell Turnover.,56,33,23,14,0.997707252,0.984993894,4,1,16.5,NA,NA,NA,NA,NA,NA,NA,NA,San Jose St,Boise State,NA
401173760,1/29/2020,Boise State,San Jose St,187,2,14:58,898,898,RayJ Dennis Steal.,56,33,23,0,0.997707252,0.984993894,4,1,16.5,NA,NA,NA,NA,NA,NA,NA,NA,San Jose St,Boise State,NA
401173760,1/29/2020,Boise State,San Jose St,188,2,14:48,888,888,Justinian Jessup missed Layup.,56,33,23,10,0.997740478,0.985288933,4,1,16.5,NA,NA,Boise State,missed,Justinian Jessup,NA,FALSE,FALSE,Boise State,San Jose St,NA
401173760,1/29/2020,Boise State,San Jose St,189,2,14:48,888,888,Seneca Knight Block.,56,33,23,0,0.997740478,0.985288933,4,1,16.5,NA,NA,NA,NA,NA,NA,NA,NA,Boise State,San Jose St,NA
401173760,1/29/2020,Boise State,San Jose St,190,2,14:44,884,884,Seneca Knight Defensive Rebound.,56,33,23,4,0.997753574,0.985404767,4,1,16.5,NA,NA,NA,NA,NA,NA,NA,NA,Boise State,San Jose St,NA
401173760,1/29/2020,Boise State,San Jose St,191,2,14:41,881,881,Richard Washington made Three Point Jumper. Assisted by Seneca Knight.,56,36,20,3,0.996128804,0.975111555,4,1,16.5,NA,NA,San Jose St,made,Richard Washington,Seneca Knight,TRUE,FALSE,San Jose St,Boise State,NA
401173760,1/29/2020,Boise State,San Jose St,192,2,14:20,860,860,Derrick Alston made Jumper. Assisted by Justinian Jessup.,58,36,22,21,0.997391169,0.983300691,4,1,16.5,NA,NA,Boise State,made,Derrick Alston,Justinian Jessup,FALSE,FALSE,Boise State,San Jose St,NA
401173760,1/29/2020,Boise State,San Jose St,193,2,14:06,846,846,Eduardo Lane made Jumper.,58,38,20,14,0.996291567,0.97657905,4,1,16.5,NA,NA,San Jose St,made,Eduardo Lane,NA,FALSE,FALSE,San Jose St,Boise State,NA
401173760,1/29/2020,Boise State,San Jose St,194,2,13:50,830,830,Foul on Eduardo Lane.,58,38,20,16,0.9963702,0.977265097,4,1,16.5,NA,NA,NA,NA,NA,NA,NA,NA,Boise State,Boise State,NA
401173760,1/29/2020,Boise State,San Jose St,195,2,13:50,830,830,Derrick Alston missed Free Throw.,58,38,20,0,0.9963702,0.977265097,4,1,16.5,NA,NA,Boise State,missed,Derrick Alston,NA,FALSE,TRUE,Boise State,Boise State,NA
401173760,1/29/2020,Boise State,San Jose St,196,2,13:50,830,830,Boise State Offensive Rebound.,58,38,20,0,0.9963702,0.977265097,4,1,16.5,NA,NA,NA,NA,NA,NA,NA,NA,Boise State,Boise State,NA
401173760,1/29/2020,Boise State,San Jose St,197,2,13:50,830,830,Derrick Alston made Free Throw.,59,38,21,0,0.996990551,0.981088629,4,1,16.5,NA,NA,Boise State,made,Derrick Alston,NA,FALSE,TRUE,Boise State,San Jose St,NA
401173760,1/29/2020,Boise State,San Jose St,198,2,13:37,817,817,Zach Chappell missed Three Point Jumper.,59,38,21,13,0.99705048,0.981593839,4,1,16.5,NA,NA,San Jose St,missed,Zach Chappell,NA,TRUE,FALSE,San Jose St,Boise State,NA
401173760,1/29/2020,Boise State,San Jose St,199,2,13:31,811,811,Justinian Jessup Defensive Rebound.,59,38,21,6,0.997079304,0.981833322,4,1,16.5,NA,NA,NA,NA,NA,NA,NA,NA,San Jose St,Boise State,NA
401173760,1/29/2020,Boise State,San Jose St,200,2,13:26,806,806,Robin Jorch made Layup. Assisted by RayJ Dennis.,61,38,23,5,0.998019814,0.987658297,4,1,16.5,NA,NA,Boise State,made,Robin Jorch,RayJ Dennis,FALSE,FALSE,Boise State,San Jose St,NA
401173760,1/29/2020,Boise State,San Jose St,201,2,13:01,781,781,Kaison Hammonds made Layup. Assisted by Eduardo Lane.,61,40,21,25,0.997236902,0.983105966,4,1,16.5,NA,NA,San Jose St,made,Kaison Hammonds,Eduardo Lane,FALSE,FALSE,San Jose St,Boise State,NA
401173760,1/29/2020,Boise State,San Jose St,202,2,12:51,771,771,Derrick Alston made Three Point Jumper. Assisted by RayJ Dennis.,64,40,24,10,0.998490549,0.990770726,4,1,16.5,NA,NA,Boise State,made,Derrick Alston,RayJ Dennis,TRUE,FALSE,Boise State,San Jose St,NA
401173760,1/29/2020,Boise State,San Jose St,203,2,12:38,758,758,Foul on Robin Jorch.,64,40,24,13,0.998543571,0.991169657,4,1,16.5,NA,NA,NA,NA,NA,NA,NA,NA,San Jose St,San Jose St,NA
401173760,1/29/2020,Boise State,San Jose St,204,2,12:38,758,758,Eduardo Lane missed Free Throw.,64,40,24,0,0.998543571,0.991169657,4,1,16.5,NA,NA,San Jose St,missed,Eduardo Lane,NA,FALSE,TRUE,San Jose St,San Jose St,NA
401173760,1/29/2020,Boise State,San Jose St,205,2,12:38,758,758,San Jose State Offensive Rebound.,64,40,24,0,0.998543571,0.991169657,4,1,16.5,NA,NA,NA,NA,NA,NA,NA,NA,San Jose St,San Jose St,NA
401173760,1/29/2020,Boise State,San Jose St,206,2,12:38,758,758,Eduardo Lane missed Free Throw.,64,40,24,0,0.998543571,0.991169657,4,1,16.5,NA,NA,San Jose St,missed,Eduardo Lane,NA,FALSE,TRUE,San Jose St,San Jose St,NA
401173760,1/29/2020,Boise State,San Jose St,207,2,12:37,757,757,Robin Jorch Defensive Rebound.,64,40,24,1,0.998547781,0.991201043,4,1,16.5,NA,NA,NA,NA,NA,NA,NA,NA,San Jose St,Boise State,NA
401173760,1/29/2020,Boise State,San Jose St,208,2,12:26,746,746,Justinian Jessup made Three Point Jumper. Assisted by Derrick Alston.,67,40,27,11,0.999225284,0.99532628,4,1,16.5,NA,NA,Boise State,made,Justinian Jessup,Derrick Alston,TRUE,FALSE,Boise State,San Jose St,NA
401173760,1/29/2020,Boise State,San Jose St,209,2,12:16,736,736,Foul on Marcus Dickinson.,67,40,27,10,0.99925399,0.995531831,4,1,16.5,NA,NA,NA,NA,NA,NA,NA,NA,San Jose St,San Jose St,NA
401173760,1/29/2020,Boise State,San Jose St,210,2,12:11,731,731,Foul on Robin Jorch.,67,40,27,5,0.999268717,0.995636319,4,1,16.5,NA,NA,NA,NA,NA,NA,NA,NA,San Jose St,San Jose St,NA
401173760,1/29/2020,Boise State,San Jose St,211,2,12:06,726,726,Richard Washington made Jumper.,67,42,25,5,0.998926908,0.993631972,4,1,16.5,NA,NA,San Jose St,made,Richard Washington,NA,FALSE,FALSE,San Jose St,Boise State,NA
401173760,1/29/2020,Boise State,San Jose St,212,2,11:44,704,704,Justinian Jessup missed Three Point Jumper.,67,42,25,22,0.99900184,0.9941704,4,1,16.5,NA,NA,Boise State,missed,Justinian Jessup,NA,TRUE,FALSE,Boise State,San Jose St,NA
401173760,1/29/2020,Boise State,San Jose St,213,2,11:41,701,701,Christian Anigwe Defensive Rebound.,67,42,25,3,0.999010765,0.994234819,4,1,16.5,NA,NA,NA,NA,NA,NA,NA,NA,Boise State,San Jose St,NA
401173760,1/29/2020,Boise State,San Jose St,214,2,11:37,697,697,Richard Washington missed Three Point Jumper.,67,42,25,4,0.999022285,0.994318044,4,1,16.5,NA,NA,San Jose St,missed,Richard Washington,NA,TRUE,FALSE,San Jose St,Boise State,NA
401173760,1/29/2020,Boise State,San Jose St,215,2,11:33,693,693,RJ Williams Defensive Rebound.,67,42,25,4,0.999033411,0.994398485,4,1,16.5,NA,NA,NA,NA,NA,NA,NA,NA,San Jose St,Boise State,NA
401173760,1/29/2020,Boise State,San Jose St,216,2,11:25,685,685,Derrick Alston Turnover.,67,42,25,8,0.999054642,0.994552119,4,1,16.5,NA,NA,NA,NA,NA,NA,NA,NA,Boise State,San Jose St,NA
401173760,1/29/2020,Boise State,San Jose St,217,2,11:24,684,684,Official TV Timeout,67,42,25,1,0.999057213,0.994570722,4,1,16.5,NA,NA,NA,NA,NA,NA,NA,NA,San Jose St,San Jose St,NA
401173760,1/29/2020,Boise State,San Jose St,218,2,10:58,658,658,Christian Anigwe made Layup.,67,44,23,26,0.998655883,0.992415052,4,1,16.5,NA,NA,San Jose St,made,Christian Anigwe,NA,FALSE,FALSE,San Jose St,Boise State,NA
401173760,1/29/2020,Boise State,San Jose St,219,2,10:58,658,658,Foul on RJ Williams.,67,44,23,0,0.998655883,0.992415052,4,1,16.5,NA,NA,NA,NA,NA,NA,NA,NA,San Jose St,San Jose St,NA
401173760,1/29/2020,Boise State,San Jose St,220,2,10:58,658,658,Christian Anigwe made Free Throw.,67,45,22,0,0.998339146,0.990641463,4,1,16.5,NA,NA,San Jose St,made,Christian Anigwe,NA,FALSE,TRUE,San Jose St,Boise State,NA
401173760,1/29/2020,Boise State,San Jose St,221,2,10:46,646,646,Foul on Christian Anigwe.,67,45,22,12,0.998383384,0.990966483,4,1,16.5,NA,NA,NA,NA,NA,NA,NA,NA,Boise State,Boise State,NA
401173760,1/29/2020,Boise State,San Jose St,222,2,10:43,643,643,Justinian Jessup missed Three Point Jumper.,67,45,22,3,0.998394501,0.99104749,4,1,16.5,NA,NA,Boise State,missed,Justinian Jessup,NA,TRUE,FALSE,Boise State,San Jose St,NA
401173760,1/29/2020,Boise State,San Jose St,223,2,10:41,641,641,Caleb Simmons Defensive Rebound.,67,45,22,2,0.998401943,0.991101551,4,1,16.5,NA,NA,NA,NA,NA,NA,NA,NA,Boise State,San Jose St,NA
401173760,1/29/2020,Boise State,San Jose St,224,2,10:38,638,638,Richard Washington missed Three Point Jumper.,67,45,22,3,0.998413165,0.991182798,4,1,16.5,NA,NA,San Jose St,missed,Richard Washington,NA,TRUE,FALSE,San Jose St,Boise State,NA
401173760,1/29/2020,Boise State,San Jose St,225,2,10:33,633,633,Derrick Alston Defensive Rebound.,67,45,22,5,0.998432068,0.991318859,4,1,16.5,NA,NA,NA,NA,NA,NA,NA,NA,San Jose St,Boise State,NA
401173760,1/29/2020,Boise State,San Jose St,226,2,10:23,623,623,Derrick Alston made Three Point Jumper. Assisted by RJ Williams.,70,45,25,10,0.999201557,0.995596718,4,1,16.5,NA,NA,Boise State,made,Derrick Alston,RJ Williams,TRUE,FALSE,Boise State,San Jose St,NA
401173760,1/29/2020,Boise State,San Jose St,227,2,10:06,606,606,Caleb Simmons missed Three Point Jumper.,70,45,25,17,0.999244507,0.995887126,4,1,16.5,NA,NA,San Jose St,missed,Caleb Simmons,NA,TRUE,FALSE,San Jose St,Boise State,NA
401173760,1/29/2020,Boise State,San Jose St,228,2,10:05,605,605,Boise State Defensive Rebound.,70,45,25,1,0.999247144,0.99590468,4,1,16.5,NA,NA,NA,NA,NA,NA,NA,NA,San Jose St,Boise State,NA
401173760,1/29/2020,Boise State,San Jose St,229,2,10:05,605,605,Foul on Christian Anigwe.,70,45,25,0,0.999247144,0.99590468,4,1,16.5,NA,NA,NA,NA,NA,NA,NA,NA,San Jose St,Boise State,NA
401173760,1/29/2020,Boise State,San Jose St,230,2,9:54,594,594,Foul on Brae Ivey.,70,45,25,11,0.999277075,0.99610183,4,1,16.5,NA,NA,NA,NA,NA,NA,NA,NA,Boise State,Boise State,NA
401173760,1/29/2020,Boise State,San Jose St,231,2,9:54,594,594,Justinian Jessup made Free Throw.,71,45,26,0,0.999420761,0.996874641,4,1,16.5,NA,NA,Boise State,made,Justinian Jessup,NA,FALSE,TRUE,Boise State,Boise State,NA
401173760,1/29/2020,Boise State,San Jose St,232,2,9:54,594,594,Justinian Jessup made Free Throw.,72,45,27,0,0.999535902,0.997494628,4,1,16.5,NA,NA,Boise State,made,Justinian Jessup,NA,FALSE,TRUE,Boise State,San Jose St,NA
401173760,1/29/2020,Boise State,San Jose St,233,2,9:48,588,588,Seneca Knight Turnover.,72,45,27,6,0.999547921,0.997571583,4,1,16.5,NA,NA,NA,NA,NA,NA,NA,NA,San Jose St,Boise State,NA
401173760,1/29/2020,Boise State,San Jose St,234,2,9:48,588,588,Justinian Jessup Steal.,72,45,27,0,0.999547921,0.997571583,4,1,16.5,NA,NA,NA,NA,NA,NA,NA,NA,San Jose St,Boise State,NA
401173760,1/29/2020,Boise State,San Jose St,235,2,9:38,578,578,Foul on Christian Anigwe.,72,45,27,10,0.999568757,0.997703159,4,1,16.5,NA,NA,NA,NA,NA,NA,NA,NA,Boise State,Boise State,NA
401173760,1/29/2020,Boise State,San Jose St,236,2,9:38,578,578,Derrick Alston made Free Throw.,73,45,28,0,0.999655601,0.998165013,4,1,16.5,NA,NA,Boise State,made,Derrick Alston,NA,FALSE,TRUE,Boise State,Boise State,NA
401173760,1/29/2020,Boise State,San Jose St,237,2,9:38,578,578,Derrick Alston made Free Throw.,74,45,29,0,0.999724962,0.998534133,4,1,16.5,NA,NA,Boise State,made,Derrick Alston,NA,FALSE,TRUE,Boise State,San Jose St,NA
401173760,1/29/2020,Boise State,San Jose St,238,2,9:22,562,562,Richard Washington made Layup.,74,47,27,16,0.999604177,0.997921925,4,1,16.5,NA,NA,San Jose St,made,Richard Washington,NA,FALSE,FALSE,San Jose St,Boise State,NA
401173760,1/29/2020,Boise State,San Jose St,239,2,8:55,535,535,Derrick Alston made Layup.,76,47,29,27,0.999789915,0.998924651,4,1,16.5,NA,NA,Boise State,made,Derrick Alston,NA,FALSE,FALSE,Boise State,San Jose St,NA
401173760,1/29/2020,Boise State,San Jose St,240,2,8:47,527,527,Seneca Knight made Layup.,76,49,27,8,0.999677051,0.998360038,4,1,16.5,NA,NA,San Jose St,made,Seneca Knight,NA,FALSE,FALSE,San Jose St,Boise State,NA
401173760,1/29/2020,Boise State,San Jose St,241,2,8:47,527,527,Foul on Justinian Jessup.,76,49,27,0,0.999677051,0.998360038,4,1,16.5,NA,NA,NA,NA,NA,NA,NA,NA,San Jose St,San Jose St,NA
401173760,1/29/2020,Boise State,San Jose St,242,2,8:47,527,527,Seneca Knight made Free Throw.,76,50,26,0,0.999590528,0.9979214,4,1,16.5,NA,NA,San Jose St,made,Seneca Knight,NA,FALSE,TRUE,San Jose St,Boise State,NA
401173760,1/29/2020,Boise State,San Jose St,243,2,8:29,509,509,Derrick Alston Turnover.,76,50,26,18,0.999622046,0.998112596,4,1,16.5,NA,NA,NA,NA,NA,NA,NA,NA,Boise State,San Jose St,NA
401173760,1/29/2020,Boise State,San Jose St,244,2,8:29,509,509,Brae Ivey Steal.,76,50,26,0,0.999622046,0.998112596,4,1,16.5,NA,NA,NA,NA,NA,NA,NA,NA,Boise State,San Jose St,NA
401173760,1/29/2020,Boise State,San Jose St,245,2,8:23,503,503,Richard Washington made Three Point Jumper. Assisted by Brae Ivey.,76,53,23,6,0.999237999,0.996221348,4,1,16.5,NA,NA,San Jose St,made,Richard Washington,Brae Ivey,TRUE,FALSE,San Jose St,Boise State,NA
401173760,1/29/2020,Boise State,San Jose St,246,2,8:08,488,488,Derrick Alston missed Three Point Jumper.,76,53,23,15,0.999279616,0.996476327,4,1,16.5,NA,NA,Boise State,missed,Derrick Alston,NA,TRUE,FALSE,Boise State,San Jose St,NA
401173760,1/29/2020,Boise State,San Jose St,247,2,8:04,484,484,Richard Washington Defensive Rebound.,76,53,23,4,0.999290922,0.996544528,4,1,16.5,NA,NA,NA,NA,NA,NA,NA,NA,Boise State,San Jose St,NA
401173760,1/29/2020,Boise State,San Jose St,248,2,7:58,478,478,Seneca Knight missed Layup.,76,53,23,6,0.999308304,0.996648289,4,1,16.5,NA,NA,San Jose St,missed,Seneca Knight,NA,FALSE,FALSE,San Jose St,Boise State,NA
401173760,1/29/2020,Boise State,San Jose St,249,2,7:53,473,473,RJ Williams Defensive Rebound.,76,53,23,5,0.999323296,0.996736684,4,1,16.5,NA,NA,NA,NA,NA,NA,NA,NA,San Jose St,Boise State,NA
401173760,1/29/2020,Boise State,San Jose St,250,2,7:53,473,473,Foul on Seneca Knight.,76,53,23,0,0.999323296,0.996736684,4,1,16.5,NA,NA,NA,NA,NA,NA,NA,NA,San Jose St,Boise State,NA
401173760,1/29/2020,Boise State,San Jose St,251,2,7:51,471,471,Official TV Timeout,76,53,23,2,0.999329447,0.996772647,4,1,16.5,NA,NA,NA,NA,NA,NA,NA,NA,Boise State,Boise State,NA
401173760,1/29/2020,Boise State,San Jose St,252,2,7:51,471,471,Alex Hobbs made Free Throw.,77,53,24,0,0.999477306,0.997482869,4,1,16.5,NA,NA,Boise State,made,Alex Hobbs,NA,FALSE,TRUE,Boise State,Boise State,NA
401173760,1/29/2020,Boise State,San Jose St,253,2,7:51,471,471,Alex Hobbs made Free Throw.,78,53,25,0,0.999592575,0.998037105,4,1,16.5,NA,NA,Boise State,made,Alex Hobbs,NA,FALSE,TRUE,Boise State,San Jose St,NA
401173760,1/29/2020,Boise State,San Jose St,254,2,7:41,461,461,Seneca Knight Turnover.,78,53,25,10,0.999614204,0.998159914,4,1,16.5,NA,NA,NA,NA,NA,NA,NA,NA,San Jose St,Boise State,NA
401173760,1/29/2020,Boise State,San Jose St,255,2,7:41,461,461,Justinian Jessup Steal.,78,53,25,0,0.999614204,0.998159914,4,1,16.5,NA,NA,NA,NA,NA,NA,NA,NA,San Jose St,Boise State,NA
401173760,1/29/2020,Boise State,San Jose St,256,2,7:22,442,442,Alex Hobbs made Layup.,80,53,27,19,0.999797172,0.999051812,4,1,16.5,NA,NA,Boise State,made,Alex Hobbs,NA,FALSE,FALSE,Boise State,San Jose St,NA
401173760,1/29/2020,Boise State,San Jose St,257,2,7:12,432,432,Richard Washington missed Three Point Jumper.,80,53,27,10,0.999814778,0.999144302,4,1,16.5,NA,NA,San Jose St,missed,Richard Washington,NA,TRUE,FALSE,San Jose St,Boise State,NA
401173760,1/29/2020,Boise State,San Jose St,258,2,7:09,429,429,RJ Williams Defensive Rebound.,80,53,27,3,0.999820231,0.999172559,4,1,16.5,NA,NA,NA,NA,NA,NA,NA,NA,San Jose St,Boise State,NA
401173760,1/29/2020,Boise State,San Jose St,259,2,7:03,423,423,Max Rice missed Jumper.,80,53,27,6,0.999830416,0.999225296,4,1,16.5,NA,NA,Boise State,missed,Max Rice,NA,FALSE,FALSE,Boise State,Boise State,NA
401173760,1/29/2020,Boise State,San Jose St,260,2,7:00,420,420,Max Rice Offensive Rebound.,80,53,27,3,0.999835114,0.999249638,4,1,16.5,NA,NA,NA,NA,NA,NA,NA,NA,Boise State,Boise State,NA
401173760,1/29/2020,Boise State,San Jose St,261,2,6:59,419,419,Max Rice missed Layup.,80,53,27,1,0.999836629,0.999257484,4,1,16.5,NA,NA,Boise State,missed,Max Rice,NA,FALSE,FALSE,Boise State,San Jose St,NA
401173760,1/29/2020,Boise State,San Jose St,262,2,6:56,416,416,Seneca Knight Defensive Rebound.,80,53,27,3,0.999841028,0.999280278,4,1,16.5,NA,NA,NA,NA,NA,NA,NA,NA,Boise State,San Jose St,NA
401173760,1/29/2020,Boise State,San Jose St,263,2,6:47,407,407,Seneca Knight made Jumper.,80,55,25,9,0.999747282,0.998869814,4,1,16.5,NA,NA,San Jose St,made,Seneca Knight,NA,FALSE,FALSE,San Jose St,Boise State,NA
401173760,1/29/2020,Boise State,San Jose St,264,2,6:29,389,389,RJ Williams made Layup.,82,55,27,18,0.999873859,0.999449547,4,1,16.5,NA,NA,Boise State,made,RJ Williams,NA,FALSE,FALSE,Boise State,San Jose St,NA
401173760,1/29/2020,Boise State,San Jose St,265,2,6:19,379,379,Foul on Max Rice.,82,55,27,10,0.999884236,0.99950208,4,1,16.5,NA,NA,NA,NA,NA,NA,NA,NA,San Jose St,San Jose St,NA
401173760,1/29/2020,Boise State,San Jose St,266,2,6:19,379,379,Richard Washington made Free Throw.,82,56,26,0,0.999846583,0.999340206,4,1,16.5,NA,NA,San Jose St,made,Richard Washington,NA,FALSE,TRUE,San Jose St,San Jose St,NA
401173760,1/29/2020,Boise State,San Jose St,267,2,6:19,379,379,Richard Washington made Free Throw.,82,57,25,0,0.999796684,0.999125752,4,1,16.5,NA,NA,San Jose St,made,Richard Washington,NA,FALSE,TRUE,San Jose St,Boise State,NA
401173760,1/29/2020,Boise State,San Jose St,268,2,6:06,366,366,Justinian Jessup made Three Point Jumper. Assisted by RayJ Dennis.,85,57,28,13,0.99992281,0.999674356,4,1,16.5,NA,NA,Boise State,made,Justinian Jessup,RayJ Dennis,TRUE,FALSE,Boise State,San Jose St,NA
401173760,1/29/2020,Boise State,San Jose St,269,2,5:46,346,346,Kaison Hammonds missed Three Point Jumper.,85,57,28,20,0.999938026,0.999746608,4,1,16.5,NA,NA,San Jose St,missed,Kaison Hammonds,NA,TRUE,FALSE,San Jose St,Boise State,NA
401173760,1/29/2020,Boise State,San Jose St,270,2,5:43,343,343,Max Rice Defensive Rebound.,85,57,28,3,0.999940286,0.999757032,4,1,16.5,NA,NA,NA,NA,NA,NA,NA,NA,San Jose St,Boise State,NA
401173760,1/29/2020,Boise State,San Jose St,271,2,5:37,337,337,Max Rice missed Three Point Jumper.,85,57,28,6,0.999944788,0.99977754,4,1,16.5,NA,NA,Boise State,missed,Max Rice,NA,TRUE,FALSE,Boise State,Boise State,NA
401173760,1/29/2020,Boise State,San Jose St,272,2,5:33,333,333,Justinian Jessup Offensive Rebound.,85,57,28,4,0.999947769,0.999790937,4,1,16.5,NA,NA,NA,NA,NA,NA,NA,NA,Boise State,Boise State,NA
401173760,1/29/2020,Boise State,San Jose St,273,2,5:27,327,327,RJ Williams made Layup.,87,57,30,6,0.999974083,0.999897294,4,1,16.5,NA,NA,Boise State,made,RJ Williams,NA,FALSE,FALSE,Boise State,San Jose St,NA
401173760,1/29/2020,Boise State,San Jose St,274,2,5:16,316,316,Richard Washington missed Three Point Jumper.,87,57,30,11,0.999978676,0.999917072,4,1,16.5,NA,NA,San Jose St,missed,Richard Washington,NA,TRUE,FALSE,San Jose St,Boise State,NA
401173760,1/29/2020,Boise State,San Jose St,275,2,5:12,312,312,Justinian Jessup Defensive Rebound.,87,57,30,4,0.999980274,0.99992382,4,1,16.5,NA,NA,NA,NA,NA,NA,NA,NA,San Jose St,Boise State,NA
401173760,1/29/2020,Boise State,San Jose St,276,2,4:51,291,291,Alex Hobbs missed Jumper.,87,57,30,21,0.99998423,0.999941279,4,1,16.5,NA,NA,Boise State,missed,Alex Hobbs,NA,FALSE,FALSE,Boise State,San Jose St,NA
401173760,1/29/2020,Boise State,San Jose St,277,2,4:48,288,288,Omari Moore Defensive Rebound.,87,57,30,3,0.999984198,0.999941462,4,1,16.5,NA,NA,NA,NA,NA,NA,NA,NA,Boise State,San Jose St,NA
401173760,1/29/2020,Boise State,San Jose St,278,2,4:40,280,280,Seneca Knight missed Three Point Jumper.,87,57,30,8,0.999983639,0.999940221,4,1,16.5,NA,NA,San Jose St,missed,Seneca Knight,NA,TRUE,FALSE,San Jose St,Boise State,NA
401173760,1/29/2020,Boise State,San Jose St,279,2,4:35,275,275,RJ Williams Defensive Rebound.,87,57,30,5,0.999982995,0.999938404,4,1,16.5,NA,NA,NA,NA,NA,NA,NA,NA,San Jose St,Boise State,NA
401173760,1/29/2020,Boise State,San Jose St,280,2,4:17,257,257,Alex Hobbs made Layup.,89,57,32,18,0.999989137,0.999961871,4,1,16.5,NA,NA,Boise State,made,Alex Hobbs,NA,FALSE,FALSE,Boise State,San Jose St,NA
401173760,1/29/2020,Boise State,San Jose St,281,2,4:11,251,251,Foul on Derrick Alston.,89,57,32,6,0.999988421,0.999959793,4,1,16.5,NA,NA,NA,NA,NA,NA,NA,NA,San Jose St,San Jose St,NA
401173760,1/29/2020,Boise State,San Jose St,282,2,4:11,251,251,Seneca Knight made Free Throw.,89,58,31,0,0.999984113,0.999944836,4,1,16.5,NA,NA,San Jose St,made,Seneca Knight,NA,FALSE,TRUE,San Jose St,San Jose St,NA
401173760,1/29/2020,Boise State,San Jose St,283,2,4:11,251,251,Seneca Knight made Free Throw.,89,59,30,0,0.999978203,0.999924314,4,1,16.5,NA,NA,San Jose St,made,Seneca Knight,NA,FALSE,TRUE,San Jose St,Boise State,NA
401173760,1/29/2020,Boise State,San Jose St,284,2,3:53,233,233,Foul on Trey Smith.,89,59,30,18,0.999976094,0.999919718,4,1,16.5,NA,NA,NA,NA,NA,NA,NA,NA,Boise State,Boise State,NA
401173760,1/29/2020,Boise State,San Jose St,285,2,3:52,232,232,Official TV Timeout,89,59,30,1,0.999976117,0.999919949,4,1,16.5,NA,NA,NA,NA,NA,NA,NA,NA,Boise State,Boise State,NA
401173760,1/29/2020,Boise State,San Jose St,286,2,3:52,232,232,Max Rice made Free Throw.,90,59,31,0,0.999982561,0.999941545,4,1,16.5,NA,NA,Boise State,made,Max Rice,NA,FALSE,TRUE,Boise State,Boise State,NA
401173760,1/29/2020,Boise State,San Jose St,287,2,3:52,232,232,Max Rice made Free Throw.,91,59,32,0,0.999987266,0.999957315,4,1,16.5,NA,NA,Boise State,made,Max Rice,NA,FALSE,TRUE,Boise State,San Jose St,NA
401173760,1/29/2020,Boise State,San Jose St,288,2,3:40,220,220,Eduardo Lane made Layup. Assisted by Kaison Hammonds.,91,61,30,12,0.999978034,0.999928088,4,1,16.5,NA,NA,San Jose St,made,Eduardo Lane,Kaison Hammonds,FALSE,FALSE,San Jose St,Boise State,NA
401173760,1/29/2020,Boise State,San Jose St,289,2,3:40,220,220,Foul on Robin Jorch.,91,61,30,0,0.999978034,0.999928088,4,1,16.5,NA,NA,NA,NA,NA,NA,NA,NA,San Jose St,San Jose St,NA
401173760,1/29/2020,Boise State,San Jose St,290,2,3:40,220,220,Eduardo Lane missed Free Throw.,91,61,30,0,0.999978034,0.999928088,4,1,16.5,NA,NA,San Jose St,missed,Eduardo Lane,NA,FALSE,TRUE,San Jose St,Boise State,NA
401173760,1/29/2020,Boise State,San Jose St,291,2,3:40,220,220,RJ Williams Defensive Rebound.,91,61,30,0,0.999978034,0.999928088,4,1,16.5,NA,NA,NA,NA,NA,NA,NA,NA,San Jose St,Boise State,NA
401173760,1/29/2020,Boise State,San Jose St,292,2,3:28,208,208,RJ Williams Turnover.,91,61,30,12,0.999982887,0.99994535,4,1,16.5,NA,NA,NA,NA,NA,NA,NA,NA,Boise State,San Jose St,NA
401173760,1/29/2020,Boise State,San Jose St,293,2,3:15,195,195,Trey Smith missed Three Point Jumper.,91,61,30,13,0.999989752,0.999968196,4,1,16.5,NA,NA,San Jose St,missed,Trey Smith,NA,TRUE,FALSE,San Jose St,Boise State,NA
401173760,1/29/2020,Boise State,San Jose St,294,2,3:12,192,192,RJ Williams Defensive Rebound.,91,61,30,3,0.99999127,0.999973091,4,1,16.5,NA,NA,NA,NA,NA,NA,NA,NA,San Jose St,Boise State,NA
401173760,1/29/2020,Boise State,San Jose St,295,2,3:05,185,185,Max Rice made Three Point Jumper. Assisted by RJ Williams.,94,61,33,7,0.999998078,0.999994172,4,1,16.5,NA,NA,Boise State,made,Max Rice,RJ Williams,TRUE,FALSE,Boise State,San Jose St,NA
401173760,1/29/2020,Boise State,San Jose St,296,2,2:45,165,165,Omari Moore made Jumper. Assisted by Eduardo Lane.,94,63,31,20,0.999998902,0.999996828,4,1,16.5,NA,NA,San Jose St,made,Omari Moore,Eduardo Lane,FALSE,FALSE,San Jose St,Boise State,NA
401173760,1/29/2020,Boise State,San Jose St,297,2,2:36,156,156,RayJ Dennis Turnover.,94,63,31,9,0.999999413,0.999998342,4,1,16.5,NA,NA,NA,NA,NA,NA,NA,NA,Boise State,San Jose St,NA
401173760,1/29/2020,Boise State,San Jose St,298,2,2:25,145,145,Zach Chappell Turnover.,94,63,31,11,0.999999743,0.999999295,4,1,16.5,NA,NA,NA,NA,NA,NA,NA,NA,San Jose St,Boise State,NA
401173760,1/29/2020,Boise State,San Jose St,299,2,2:25,145,145,Max Rice Steal.,94,63,31,0,0.999999743,0.999999295,4,1,16.5,NA,NA,NA,NA,NA,NA,NA,NA,San Jose St,Boise State,NA
401173760,1/29/2020,Boise State,San Jose St,300,2,2:19,139,139,Max Rice made Layup.,96,63,33,6,0.999999939,0.999999834,4,1,16.5,NA,NA,Boise State,made,Max Rice,NA,FALSE,FALSE,Boise State,San Jose St,NA
401173760,1/29/2020,Boise State,San Jose St,301,2,1:59,119,119,Eduardo Lane made Jumper. Assisted by Kaison Hammonds.,96,65,31,20,0.999999975,0.999999936,4,1,16.5,NA,NA,San Jose St,made,Eduardo Lane,Kaison Hammonds,FALSE,FALSE,San Jose St,Boise State,NA
401173760,1/29/2020,Boise State,San Jose St,302,2,1:45,105,105,RJ Williams missed Jumper.,96,65,31,14,0.999999995,0.999999987,4,1,16.5,NA,NA,Boise State,missed,RJ Williams,NA,FALSE,FALSE,Boise State,San Jose St,NA
401173760,1/29/2020,Boise State,San Jose St,303,2,1:41,101,101,Kaison Hammonds Defensive Rebound.,96,65,31,4,0.999999997,0.999999992,4,1,16.5,NA,NA,NA,NA,NA,NA,NA,NA,Boise State,San Jose St,NA
401173760,1/29/2020,Boise State,San Jose St,304,2,1:37,97,97,Kaison Hammonds made Jumper.,96,67,29,4,0.999999993,0.999999984,4,1,16.5,NA,NA,San Jose St,made,Kaison Hammonds,NA,FALSE,FALSE,San Jose St,Boise State,NA
401173760,1/29/2020,Boise State,San Jose St,305,2,1:15,75,75,RayJ Dennis missed Three Point Jumper.,96,67,29,22,1,0.999999999,4,1,16.5,NA,NA,Boise State,missed,RayJ Dennis,NA,TRUE,FALSE,Boise State,Boise State,NA
401173760,1/29/2020,Boise State,San Jose St,306,2,1:11,71,71,RayJ Dennis Offensive Rebound.,96,67,29,4,1,1,4,1,16.5,NA,NA,NA,NA,NA,NA,NA,NA,Boise State,Boise State,NA
401173760,1/29/2020,Boise State,San Jose St,307,2,1:09,69,69,Bing Huang made Three Point Jumper. Assisted by RayJ Dennis.,99,67,32,2,1,1,4,1,16.5,NA,NA,Boise State,made,Bing Huang,RayJ Dennis,TRUE,FALSE,Boise State,San Jose St,NA
401173760,1/29/2020,Boise State,San Jose St,308,2,0:55,55,55,Foul on RJ Williams.,99,67,32,14,1,1,4,1,16.5,NA,NA,NA,NA,NA,NA,NA,NA,San Jose St,San Jose St,NA
401173760,1/29/2020,Boise State,San Jose St,309,2,0:55,55,55,Eduardo Lane made Free Throw.,99,68,31,0,1,1,4,1,16.5,NA,NA,San Jose St,made,Eduardo Lane,NA,FALSE,TRUE,San Jose St,San Jose St,NA
401173760,1/29/2020,Boise State,San Jose St,310,2,0:55,55,55,Eduardo Lane missed Free Throw.,99,68,31,0,1,1,4,1,16.5,NA,NA,San Jose St,missed,Eduardo Lane,NA,FALSE,TRUE,San Jose St,Boise State,NA
401173760,1/29/2020,Boise State,San Jose St,311,2,0:55,55,55,RJ Williams Defensive Rebound.,99,68,31,0,1,1,4,1,16.5,NA,NA,NA,NA,NA,NA,NA,NA,San Jose St,Boise State,NA
401173760,1/29/2020,Boise State,San Jose St,312,2,0:28,28,28,Bing Huang missed Jumper.,99,68,31,27,1,1,4,1,16.5,NA,NA,Boise State,missed,Bing Huang,NA,FALSE,FALSE,Boise State,San Jose St,NA
401173760,1/29/2020,Boise State,San Jose St,313,2,0:28,28,28,Omari Moore Block.,99,68,31,0,1,1,4,1,16.5,NA,NA,NA,NA,NA,NA,NA,NA,Boise State,San Jose St,NA
401173760,1/29/2020,Boise State,San Jose St,314,2,0:23,23,23,Omari Moore Defensive Rebound.,99,68,31,5,1,1,4,1,16.5,NA,NA,NA,NA,NA,NA,NA,NA,Boise State,San Jose St,NA
401173760,1/29/2020,Boise State,San Jose St,315,2,0:20,20,20,Kaison Hammonds made Three Point Jumper.,99,71,28,3,1,1,4,1,16.5,NA,NA,San Jose St,made,Kaison Hammonds,NA,TRUE,FALSE,San Jose St,Boise State,NA
401173760,1/29/2020,Boise State,San Jose St,316,2,0:00,0,0,End of 2nd half,99,72,27,20,1,1,4,1,16.5,NA,NA,NA,NA,NA,NA,NA,NA,Boise State,NA,1
401173760,1/29/2020,Boise State,San Jose St,317,2,0:00,0,0,End of Game,99,72,27,0,1,1,4,1,16.5,NA,NA,NA,NA,NA,NA,NA,NA,Boise State,NA,1
